-- --------------------------------------------------------
-- Host:                         127.0.0.1
-- Versión del servidor:         10.4.28-MariaDB - mariadb.org binary distribution
-- SO del servidor:              Win64
-- HeidiSQL Versión:             12.1.0.6537
-- --------------------------------------------------------

/*!40101 SET @OLD_CHARACTER_SET_CLIENT=@@CHARACTER_SET_CLIENT */;
/*!40101 SET NAMES utf8 */;
/*!50503 SET NAMES utf8mb4 */;
/*!40103 SET @OLD_TIME_ZONE=@@TIME_ZONE */;
/*!40103 SET TIME_ZONE='+00:00' */;
/*!40014 SET @OLD_FOREIGN_KEY_CHECKS=@@FOREIGN_KEY_CHECKS, FOREIGN_KEY_CHECKS=0 */;
/*!40101 SET @OLD_SQL_MODE=@@SQL_MODE, SQL_MODE='NO_AUTO_VALUE_ON_ZERO' */;
/*!40111 SET @OLD_SQL_NOTES=@@SQL_NOTES, SQL_NOTES=0 */;


-- Volcando estructura de base de datos para inventory_mvc
CREATE DATABASE IF NOT EXISTS `inventory_mvc` /*!40100 DEFAULT CHARACTER SET utf8mb4 COLLATE utf8mb4_general_ci */;
USE `inventory_mvc`;

-- Volcando estructura para tabla inventory_mvc.inventario
CREATE TABLE IF NOT EXISTS `inventario` (
  `id` int(11) NOT NULL AUTO_INCREMENT,
  `codigo` varchar(50) NOT NULL,
  `nombre` varchar(150) NOT NULL,
  `serie` varchar(150) NOT NULL,
  `descripcion` text DEFAULT NULL,
  `cantidad` int(11) NOT NULL DEFAULT 0,
  `oficina_id` int(11) DEFAULT NULL,
  `estado` enum('DISPONIBLE','AGOTADO') NOT NULL DEFAULT 'DISPONIBLE',
  `estado_2` enum('BUENO','MALO','REGULAR','BAJA','NUEVO') NOT NULL DEFAULT 'BUENO',
  `estante` varchar(50) DEFAULT NULL,
  `created_at` timestamp NOT NULL DEFAULT current_timestamp(),
  `updated_at` timestamp NULL DEFAULT NULL,
  PRIMARY KEY (`id`),
  UNIQUE KEY `codigo` (`codigo`),
  KEY `fk_inv_oficina` (`oficina_id`),
  CONSTRAINT `fk_inv_oficina` FOREIGN KEY (`oficina_id`) REFERENCES `oficinas` (`id`) ON DELETE SET NULL
) ENGINE=InnoDB AUTO_INCREMENT=72 DEFAULT CHARSET=utf8mb4 COLLATE=utf8mb4_general_ci;

-- Volcando datos para la tabla inventory_mvc.inventario: ~64 rows (aproximadamente)
INSERT INTO `inventario` (`id`, `codigo`, `nombre`, `serie`, `descripcion`, `cantidad`, `oficina_id`, `estado`, `estado_2`, `estante`, `created_at`, `updated_at`) VALUES
	(8, 'SOP-MON-0001', 'MONITOR LG 15.5"', 'MODIFICAR', '', 1, 4, 'DISPONIBLE', 'BUENO', 'ESTANTE 2', '2025-09-29 13:11:01', '2025-09-29 13:11:01'),
	(9, 'SOP-MON-0002', 'MONITOR LG 15.5"', 'MODIFICAR', '', 1, 4, 'DISPONIBLE', 'BUENO', 'ESTANTE 2', '2025-09-29 13:11:34', '2025-09-29 13:11:34'),
	(10, 'SOP-MON-0003', 'MONITOR LG 15.5"', 'MODIFICAR', '', 1, 4, 'DISPONIBLE', 'BUENO', 'ESTANTE 2', '2025-09-29 13:11:54', '2025-09-29 13:11:54'),
	(11, 'SOP-MON-0004', 'MONITOR LG 15.5"', 'MODIFICAR', '', 1, 4, 'DISPONIBLE', 'BUENO', 'ESTANTE 2', '2025-09-29 13:12:08', '2025-09-29 13:12:08'),
	(12, 'SOP-MON-0005', 'MONITOR LG 15.5"', 'MODIFICAR', '', 1, 4, 'DISPONIBLE', 'BUENO', 'ESTANTE 2', '2025-09-29 13:12:22', '2025-09-29 13:12:22'),
	(13, 'SOP-MON-0006', 'MONITOR LG 15.5"', 'MODIFICAR', '', 1, 4, 'DISPONIBLE', 'BUENO', 'ESTANTE 2', '2025-09-29 13:12:39', '2025-09-29 13:12:39'),
	(14, 'SOP-MON-0007', 'MONITOR SAMSUNG 15.5"', 'MODIFICAR', '', 1, 4, 'DISPONIBLE', 'BUENO', 'ESTANTE 2', '2025-09-29 13:13:26', '2025-09-29 13:13:26'),
	(15, 'SOP-MON-0008', 'MONITOR SAMSUNG 15.5"', 'MODIFICAR', '', 1, 4, 'DISPONIBLE', 'BUENO', 'ESTANTE 2', '2025-09-29 13:13:46', '2025-09-29 13:13:46'),
	(16, 'SOP-MON-0009', 'MONITOR SAMSUNG 15.5"', 'MODIFICAR', '', 1, 4, 'DISPONIBLE', 'BUENO', 'ESTANTE 2', '2025-09-29 13:14:03', '2025-09-29 13:14:03'),
	(17, 'SOP-MON-0010', 'MONITOR SAMSUNG 15.5"', 'MODIFICAR', '', 1, 4, 'DISPONIBLE', 'BUENO', 'ESTANTE 2', '2025-09-29 13:14:26', '2025-09-29 13:14:26'),
	(18, 'SOP-MON-0011', 'MONITOR LG 15.5"', 'MODIFICAR', '', 1, 4, 'DISPONIBLE', 'BUENO', 'ESTANTE 2', '2025-09-29 13:14:43', '2025-09-29 13:14:43'),
	(19, 'SOP-MON-0012', 'MONITOR SAMSUNG 15.5"', 'MODIFICAR', '', 1, 4, 'DISPONIBLE', 'BUENO', 'ESTANTE 2', '2025-09-29 13:14:59', '2025-09-29 13:14:59'),
	(20, 'SOP-MON-0013', 'MONITOR SAMSUNG 15.5"', 'MODIFICAR', '', 1, 4, 'DISPONIBLE', 'BUENO', 'ESTANTE 2', '2025-09-29 13:15:24', '2025-09-29 13:15:24'),
	(21, 'SOP-MON-0014', 'MONITOR LG 15.5"', 'MODIFICAR', '', 1, 4, 'DISPONIBLE', 'BUENO', 'ESTANTE 2', '2025-09-29 13:15:37', '2025-09-29 13:15:37'),
	(22, 'SOP-MON-0015', 'MONITOR LG 15.5"', '204RKWZ06705', '', 1, 4, 'DISPONIBLE', 'BUENO', 'ESTANTE 2', '2025-09-29 13:16:48', '2025-09-29 13:16:48'),
	(23, 'SOP-MON-0016', 'MONITOR LG 15.5"', '205RKZH0L541', '', 1, 4, 'DISPONIBLE', 'BUENO', 'ESTANTE 2', '2025-09-29 13:17:16', '2025-09-29 13:17:16'),
	(24, 'SOP-MON-0017', 'MONITOR SAMSUNG 15.5"', 'V8BBH9ZA01773J', '', 1, 4, 'DISPONIBLE', 'BUENO', 'ESTANTE 2', '2025-09-29 13:17:48', '2025-09-29 13:17:48'),
	(25, 'SOP-MON-0018', 'MONITOR VIEWSONIC 14"', 'Q85063524204', '', 1, 4, 'DISPONIBLE', 'BUENO', 'ESTANTE 2', '2025-09-29 13:18:21', '2025-09-29 13:18:21'),
	(26, 'SOP-AWU-0001', 'ADAPTADOR WIFI USB', '22190X5006708', '', 1, 4, 'DISPONIBLE', 'NUEVO', 'ESTANTE 2', '2025-09-29 13:18:47', '2025-09-29 13:18:47'),
	(27, 'SOP-ADA-0001', 'ADAPTADOR USB', '221C633009070', '', 1, 4, 'DISPONIBLE', '', 'ESTANTE 2', '2025-09-29 13:19:57', '2025-09-29 13:19:57'),
	(28, 'SOP-AWU-0002', 'ADAPTADOR WIFI USB', '221C633002172', '', 1, 4, 'DISPONIBLE', 'NUEVO', 'ESTANTE 2', '2025-09-29 13:20:35', '2025-09-29 13:20:35'),
	(29, 'SOP-AWU-0003', 'ADAPTADOR WIFI USB', '22130Q7001355', '', 1, 4, 'DISPONIBLE', 'NUEVO', 'ESTANTE 2', '2025-09-29 13:21:01', '2025-09-29 13:21:01'),
	(30, 'SOP-AWU-0004', 'ADAPTADOR WIFI USB', '221C1S9001651', '', 1, 4, 'DISPONIBLE', 'BUENO', 'ESTANTE 2', '2025-09-29 13:21:31', '2025-09-29 13:21:31'),
	(31, 'SOP-AWU-0005', 'ADAPTADOR WIFI USB', '2219324002684', '', 1, 4, 'DISPONIBLE', 'BUENO', 'ESTANTE 2', '2025-09-29 13:22:04', '2025-09-29 13:22:04'),
	(32, 'SOP-AWU-0006', 'ADAPTADOR WIFI USB', '221C1S9001663', '', 1, 4, 'DISPONIBLE', 'NUEVO', 'ESTANTE 2', '2025-09-29 13:22:29', '2025-09-29 13:22:29'),
	(33, 'SOP-AWU-0007', 'ADAPTADOR WIFI USB', '221C633009047', '', 1, 4, 'DISPONIBLE', 'NUEVO', 'ESTANTE 2', '2025-09-29 13:23:03', '2025-09-29 13:23:03'),
	(34, 'SOP-APA-0001', 'ACCESS POINT AX1800', '22273N5000934', '', 1, 4, 'DISPONIBLE', 'NUEVO', 'ESTANTE 2', '2025-09-29 13:23:40', '2025-09-29 13:23:40'),
	(35, 'SOP-AWU-0008', 'ADAPTADOR WIFI USB', '22134W2009191', '', 1, 4, 'DISPONIBLE', 'BUENO', 'ESTANTE 2', '2025-09-29 13:24:10', '2025-09-29 13:24:10'),
	(36, 'SOP-AWU-0009', 'ADAPTADOR WIFI USB', '2219494000624', '', 1, 4, 'DISPONIBLE', 'BUENO', 'ESTANTE 2', '2025-09-29 13:24:39', '2025-09-29 13:24:39'),
	(37, 'SOP-APA-0002', 'ACCESS POINT AX1800', '22272R0000987', '', 1, 4, 'DISPONIBLE', 'REGULAR', 'ESTANTE 2', '2025-09-29 13:25:06', '2025-09-29 13:25:06'),
	(38, 'SOP-CON-0001', 'CONTROL DE PROYECTOR', '217358900', '', 1, 4, 'DISPONIBLE', 'REGULAR', 'ESTANTE 2', '2025-09-29 13:25:47', '2025-09-29 13:25:47'),
	(39, 'SOP-CON-0002', 'CONTROL DE PROYECTOR', '159917600', '', 1, 4, 'DISPONIBLE', 'REGULAR', 'ESTANTE 2', '2025-09-29 13:26:17', '2025-09-29 13:26:17'),
	(40, 'SOP-AWU-0010', 'ADAPTADOR WIFI USB', '221C1S9001636', 'MARCA: TP LINK 150 MBPS TL-WN725N', 1, 4, 'DISPONIBLE', 'NUEVO', '2', '2025-09-29 16:09:57', '2025-09-29 16:09:57'),
	(41, 'SOP-TDC-0001', 'TINTA DIGITAL COPIERS BLACK', 'S/N', 'TINTA EN ENVASE BLANCO', 1, 4, 'DISPONIBLE', 'REGULAR', '2', '2025-09-29 16:13:08', '2025-09-29 16:13:08'),
	(42, 'SOP-TDC-0002', 'TINTA DIGITAL COPIERS BLACK', 'S/N', 'TINTA EN ENVASE BLANCO, USADO', 1, 4, 'DISPONIBLE', 'REGULAR', '2', '2025-09-29 16:13:47', '2025-09-29 16:13:47'),
	(43, 'SOP-PTA-0001', 'PILA TOSHIBA AA', '14904530588478', 'UNA CAJA DE PILAS AA TOSHIBA CON 7 PAQUETES DE 4 UNID, PARA USO CONSUMIBLE', 1, 4, 'DISPONIBLE', 'BUENO', '2', '2025-09-29 16:16:31', '2025-09-29 16:16:31'),
	(44, 'SOP-CPE-0001', 'CONTROL DE PROYECTOR EPSON', 'S/N', 'MARCA: EPSON PARA PROYECTORES EPSON N MODELO: 217358900', 1, 4, 'DISPONIBLE', 'BUENO', '2', '2025-09-29 16:19:22', '2025-09-29 16:19:22'),
	(45, 'SOP-CPE-0002', 'CONTROL DE PROYECTOR EPSON', 'S/N', 'MARCA: EPSON PARA PROYECTORES EPSON N MODELO: 217358900', 1, 4, 'DISPONIBLE', 'BUENO', '2', '2025-09-29 16:20:06', '2025-09-29 16:20:06'),
	(46, 'SOP-CPE-0003', 'CONTROL DE PROYECTOR EPSON', 'S/N', 'MARCA: EPSON PARA PROYECTORES EPSON N MODELO: 217358900', 1, 4, 'DISPONIBLE', 'BUENO', '2', '2025-09-29 16:21:03', '2025-09-29 16:21:03'),
	(47, 'SOP-FAA-0001', 'FUENTE DE ALIMENTACION AC', 'AC02-S-2304', 'FUENTE DE ALIMENTACION AC PARA MONITOR CON ENTRADA REDONDA', 1, 4, 'DISPONIBLE', 'BUENO', '2', '2025-09-29 16:30:33', '2025-09-29 16:30:33'),
	(48, 'SOP-FAA-0002', 'FUENTE DE ALIMENTACION AC', 'ACO2-5-2304', 'FUENTE DE ALIMENTACION AC PARA MONITOR CON ENTRADA REDONDA', 1, 4, 'DISPONIBLE', 'BUENO', '2', '2025-09-29 16:31:06', '2025-09-29 16:31:06'),
	(49, 'SOP-CCD-0001', 'CONECTOR PARA CÁMARA DC', '6935225001303', 'CONECTORES DE CÁMARA TIPO DC ANÁLOGAS PAQUETE DE 9 UNIDADES (PAR M-E) INSTALACION GASTO', 1, 4, 'DISPONIBLE', 'NUEVO', '2', '2025-09-29 16:36:15', '2025-09-29 16:36:15'),
	(50, 'SOP-PBA-0001', 'PILA BATERIA ALCALINA DURACELL', 'S/N', 'PILA BATERIA ALCALINA DE 9V - MALASIA SEMIABIERTO', 1, 4, 'DISPONIBLE', 'BUENO', '2', '2025-09-29 16:48:35', '2025-09-29 16:48:35'),
	(51, 'SOP-PBA-0002', 'PILA BATERIA ALCALINA DURACELL', 'S/N', 'PILA BATERIA ALCALINA DE 9V - MALASIA NUEVO', 1, 4, 'DISPONIBLE', 'NUEVO', '2', '2025-09-29 16:49:01', '2025-09-29 16:49:01'),
	(52, 'SOP-PBA-0003', 'PILA BATERIA ALCALINA DURACELL', 'S/N', 'PILA BATERIA ALCALINA DE 9V - CHINO', 1, 4, 'DISPONIBLE', 'NUEVO', '2', '2025-09-29 16:49:17', '2025-09-29 16:49:17'),
	(53, 'SOP-DSK-0001', 'DISCO SSD KINGSTON 960 GB', '50026B7785DC68A1', 'DISCO SSD KINGSTON 960 GB PRODUCTO NUEVO MODELO: LM02951784', 1, 4, 'DISPONIBLE', 'NUEVO', '2', '2025-09-29 16:53:09', '2025-09-29 16:53:09'),
	(54, 'SOP-DSK-0002', 'DISCO SSD KINGSTON 960 GB', '50026B7785D22131', 'DISCO SSD KINGSTON 960 GB PRODUCTO NUEVO MODELO: LM02687863', 1, 4, 'DISPONIBLE', 'NUEVO', '2', '2025-09-29 16:54:11', '2025-09-29 16:54:11'),
	(55, 'SOP-DSK-0003', 'DISCO SSD KINGSTON 960 GB', '50026B7785D2242E', 'DISCO SSD KINGSTON 960 GB PRODUCTO NUEVO MODELO: LM02687861', 1, 4, 'DISPONIBLE', 'NUEVO', '2', '2025-09-29 16:55:14', '2025-09-29 16:55:14'),
	(56, 'SOP-DSK-0004', 'DISCO SSD KINGSTON 960 GB', '50026B7785D23B2F', 'DISCO SSD KINGSTON 960 GB PRODUCTO NUEVO MODELO: LM02687850', 1, 4, 'DISPONIBLE', 'NUEVO', '2', '2025-09-29 16:55:55', '2025-09-29 16:55:55'),
	(57, 'SOP-DSK-0005', 'DISCO SSD KINGSTON 240GB', '50026B778568F309', 'DISCO SSD KINGSTON 240 GB PRODUCTO NUEVO MODELO: LM02468907', 1, 4, 'DISPONIBLE', 'NUEVO', '2', '2025-09-29 16:56:55', '2025-09-29 16:56:55'),
	(58, 'SOP-DSK-0006', 'DISCO SSD KINGSTON 240GB', '50026B778568F7E1', 'DISCO SSD KINGSTON 240 GB PRODUCTO NUEVO MODELO: LM02468916', 1, 4, 'DISPONIBLE', 'NUEVO', '2', '2025-09-29 16:57:31', '2025-09-29 16:57:31'),
	(59, 'SOP-DSK-0007', 'DISCO SSD KINGSTON 240GB', '50026B778568F281', 'DISCO SSD KINGSTON 240 GB PRODUCTO NUEVO MODELO: LM02468888', 1, 4, 'DISPONIBLE', 'NUEVO', '2', '2025-09-29 16:58:30', '2025-09-29 16:58:30'),
	(60, 'SOP-DSK-0008', 'DISCO SSD KINGSTON 240GB', '50026B778568F244', 'DISCO SSD KINGSTON 240 GB PRODUCTO NUEVO MODELO: LM02468890', 1, 4, 'DISPONIBLE', 'NUEVO', '2', '2025-09-29 16:59:01', '2025-09-29 16:59:01'),
	(61, 'SOP-DSK-0009', 'DISCO SSD KINGSTON 240GB', '50026B778568F2F8', 'DISCO SSD KINGSTON 240 GB PRODUCTO NUEVO MODELO: LM02468909', 1, 4, 'DISPONIBLE', 'NUEVO', '2', '2025-09-29 16:59:42', '2025-09-29 16:59:42'),
	(62, 'SOP-DSK-0010', 'DISCO SSD KINGSTON 240GB', '50026B778568F6A1', 'DISCO SSD KINGSTON 240 GB PRODUCTO NUEVO MODELO: LM02468886', 1, 4, 'DISPONIBLE', 'NUEVO', '2', '2025-09-29 17:00:31', '2025-09-29 17:00:31'),
	(63, 'SOP-DSK-0011', 'DISCO SSD KINGSTON 240GB', '50026B778568F23B', 'DISCO SSD KINGSTON 240 GB PRODUCTO NUEVO MODELO: LM02468887', 1, 4, 'DISPONIBLE', 'NUEVO', '2', '2025-09-29 17:00:53', '2025-09-29 17:00:53'),
	(64, 'SOP-DSK-0012', 'DISCO SSD KINGSTON 240GB', '50026B778568F20F', 'DISCO SSD KINGSTON 240 GB PRODUCTO NUEVO MODELO: LM02468889', 1, 4, 'DISPONIBLE', 'NUEVO', '2', '2025-09-29 17:01:12', '2025-09-29 17:01:12'),
	(65, 'SOP-DSK-0013', 'DISCO SSD KINGSTON 240GB', '50026B778568FA6A', 'DISCO SSD KINGSTON 240 GB PRODUCTO NUEVO MODELO: LM02468920', 1, 4, 'DISPONIBLE', 'NUEVO', '2', '2025-09-29 17:02:00', '2025-09-29 17:02:00'),
	(66, 'SOP-DSK-0014', 'DISCO SSD KINGSTON 240GB', '50026B778568F164', 'DISCO SSD KINGSTON 240 GB PRODUCTO NUEVO MODELO: LM02468914', 1, 4, 'DISPONIBLE', 'NUEVO', '2', '2025-09-29 17:02:30', '2025-09-29 17:02:30'),
	(67, 'SOP-DSK-0015', 'DISCO SSD KINGSTON 240GB', '50026B778568FA99', 'DISCO SSD KINGSTON 240 GB PRODUCTO NUEVO MODELO: SA400S37/240GB (USADO)', 1, 4, 'DISPONIBLE', 'BUENO', '2', '2025-09-29 17:08:09', '2025-09-29 17:08:09'),
	(68, 'SOP-DSK-0016', 'DISCO SSD KINGSTON 240GB', '50026B7785569448', 'DISCO SSD KINGSTON 240 GB PRODUCTO NUEVO MODELO: SA400S37/240GB (USADO-JENIT)', 1, 4, 'DISPONIBLE', 'BUENO', '2', '2025-09-29 17:09:17', '2025-09-29 17:09:17'),
	(69, 'SOP-DSH-0001', 'DISCO SSD HP 480GB', 'HASA33320504943', 'DISCO HP SSD 5650 2.5" 480 GB USADO REGULAR (USADO EN COOR ENFERMERIA 28/03/2025)', 1, 4, 'DISPONIBLE', 'REGULAR', '2', '2025-09-29 17:12:50', '2025-09-29 17:12:50'),
	(70, 'SOP-DHH-0001', 'DISCO HGST HHD 750 GB', '140509JD130221B0GU5YL', 'DISCO MARCA: HGST HHD 750 GB, USADO (MARIA NICOLASA) MODELO: HDD:5K1000-750', 1, 4, 'DISPONIBLE', 'MALO', '2', '2025-09-29 17:21:06', '2025-09-29 17:21:06'),
	(71, 'SOP-DTH-0001', 'DISCO TOSHIBA HHD 500 GB', 'Z4O1P7MCT C1A HDKCB36M5A01 T', 'DISCO MARCA: TOSHIBA HHD 500GB, USADO (DIRECCION IESTPR) MODELO: MQ01ABF050', 1, 4, 'DISPONIBLE', 'MALO', '2', '2025-09-29 17:25:48', '2025-09-29 17:25:48');

-- Volcando estructura para tabla inventory_mvc.movimientos
CREATE TABLE IF NOT EXISTS `movimientos` (
  `id` int(11) NOT NULL AUTO_INCREMENT,
  `inventario_id` int(11) NOT NULL,
  `tipo` enum('ENTRADA','SALIDA') NOT NULL,
  `cantidad` int(11) NOT NULL,
  `motivo` text DEFAULT NULL,
  `oficina_id` int(11) DEFAULT NULL,
  `user_id` int(11) NOT NULL,
  `created_at` timestamp NOT NULL DEFAULT current_timestamp(),
  PRIMARY KEY (`id`),
  KEY `fk_mov_inv` (`inventario_id`),
  KEY `fk_mov_ofi` (`oficina_id`),
  KEY `fk_mov_user` (`user_id`),
  CONSTRAINT `fk_mov_inv` FOREIGN KEY (`inventario_id`) REFERENCES `inventario` (`id`) ON DELETE CASCADE,
  CONSTRAINT `fk_mov_ofi` FOREIGN KEY (`oficina_id`) REFERENCES `oficinas` (`id`) ON DELETE SET NULL,
  CONSTRAINT `fk_mov_user` FOREIGN KEY (`user_id`) REFERENCES `users` (`id`)
) ENGINE=InnoDB AUTO_INCREMENT=73 DEFAULT CHARSET=utf8mb4 COLLATE=utf8mb4_general_ci;

-- Volcando datos para la tabla inventory_mvc.movimientos: ~64 rows (aproximadamente)
INSERT INTO `movimientos` (`id`, `inventario_id`, `tipo`, `cantidad`, `motivo`, `oficina_id`, `user_id`, `created_at`) VALUES
	(9, 8, 'ENTRADA', 1, 'Registro inicial', 4, 3, '2025-09-29 13:11:01'),
	(10, 9, 'ENTRADA', 1, 'Registro inicial', 4, 3, '2025-09-29 13:11:34'),
	(11, 10, 'ENTRADA', 1, 'Registro inicial', 4, 3, '2025-09-29 13:11:54'),
	(12, 11, 'ENTRADA', 1, 'Registro inicial', 4, 3, '2025-09-29 13:12:08'),
	(13, 12, 'ENTRADA', 1, 'Registro inicial', 4, 3, '2025-09-29 13:12:22'),
	(14, 13, 'ENTRADA', 1, 'Registro inicial', 4, 3, '2025-09-29 13:12:39'),
	(15, 14, 'ENTRADA', 1, 'Registro inicial', 4, 3, '2025-09-29 13:13:26'),
	(16, 15, 'ENTRADA', 1, 'Registro inicial', 4, 3, '2025-09-29 13:13:46'),
	(17, 16, 'ENTRADA', 1, 'Registro inicial', 4, 3, '2025-09-29 13:14:03'),
	(18, 17, 'ENTRADA', 1, 'Registro inicial', 4, 3, '2025-09-29 13:14:26'),
	(19, 18, 'ENTRADA', 1, 'Registro inicial', 4, 3, '2025-09-29 13:14:43'),
	(20, 19, 'ENTRADA', 1, 'Registro inicial', 4, 3, '2025-09-29 13:14:59'),
	(21, 20, 'ENTRADA', 1, 'Registro inicial', 4, 3, '2025-09-29 13:15:24'),
	(22, 21, 'ENTRADA', 1, 'Registro inicial', 4, 3, '2025-09-29 13:15:37'),
	(23, 22, 'ENTRADA', 1, 'Registro inicial', 4, 3, '2025-09-29 13:16:48'),
	(24, 23, 'ENTRADA', 1, 'Registro inicial', 4, 3, '2025-09-29 13:17:16'),
	(25, 24, 'ENTRADA', 1, 'Registro inicial', 4, 3, '2025-09-29 13:17:48'),
	(26, 25, 'ENTRADA', 1, 'Registro inicial', 4, 3, '2025-09-29 13:18:21'),
	(27, 26, 'ENTRADA', 1, 'Registro inicial', 4, 3, '2025-09-29 13:18:47'),
	(28, 27, 'ENTRADA', 1, 'Registro inicial', 4, 3, '2025-09-29 13:19:57'),
	(29, 28, 'ENTRADA', 1, 'Registro inicial', 4, 3, '2025-09-29 13:20:35'),
	(30, 29, 'ENTRADA', 1, 'Registro inicial', 4, 3, '2025-09-29 13:21:01'),
	(31, 30, 'ENTRADA', 1, 'Registro inicial', 4, 3, '2025-09-29 13:21:31'),
	(32, 31, 'ENTRADA', 1, 'Registro inicial', 4, 3, '2025-09-29 13:22:04'),
	(33, 32, 'ENTRADA', 1, 'Registro inicial', 4, 3, '2025-09-29 13:22:29'),
	(34, 33, 'ENTRADA', 1, 'Registro inicial', 4, 3, '2025-09-29 13:23:03'),
	(35, 34, 'ENTRADA', 1, 'Registro inicial', 4, 3, '2025-09-29 13:23:40'),
	(36, 35, 'ENTRADA', 1, 'Registro inicial', 4, 3, '2025-09-29 13:24:10'),
	(37, 36, 'ENTRADA', 1, 'Registro inicial', 4, 3, '2025-09-29 13:24:39'),
	(38, 37, 'ENTRADA', 1, 'Registro inicial', 4, 3, '2025-09-29 13:25:06'),
	(39, 38, 'ENTRADA', 1, 'Registro inicial', 4, 3, '2025-09-29 13:25:47'),
	(40, 39, 'ENTRADA', 1, 'Registro inicial', 4, 3, '2025-09-29 13:26:17'),
	(41, 40, 'ENTRADA', 1, 'Registro inicial', 4, 3, '2025-09-29 16:09:57'),
	(42, 41, 'ENTRADA', 1, 'Registro inicial', 4, 3, '2025-09-29 16:13:08'),
	(43, 42, 'ENTRADA', 1, 'Registro inicial', 4, 3, '2025-09-29 16:13:47'),
	(44, 43, 'ENTRADA', 1, 'Registro inicial', 4, 3, '2025-09-29 16:16:31'),
	(45, 44, 'ENTRADA', 1, 'Registro inicial', 4, 3, '2025-09-29 16:19:22'),
	(46, 45, 'ENTRADA', 1, 'Registro inicial', 4, 3, '2025-09-29 16:20:06'),
	(47, 46, 'ENTRADA', 1, 'Registro inicial', 4, 3, '2025-09-29 16:21:03'),
	(48, 47, 'ENTRADA', 1, 'Registro inicial', 4, 3, '2025-09-29 16:30:33'),
	(49, 48, 'ENTRADA', 1, 'Registro inicial', 4, 3, '2025-09-29 16:31:06'),
	(50, 49, 'ENTRADA', 1, 'Registro inicial', 4, 3, '2025-09-29 16:36:15'),
	(51, 50, 'ENTRADA', 1, 'Registro inicial', 4, 3, '2025-09-29 16:48:35'),
	(52, 51, 'ENTRADA', 1, 'Registro inicial', 4, 3, '2025-09-29 16:49:01'),
	(53, 52, 'ENTRADA', 1, 'Registro inicial', 4, 3, '2025-09-29 16:49:17'),
	(54, 53, 'ENTRADA', 1, 'Registro inicial', 4, 3, '2025-09-29 16:53:09'),
	(55, 54, 'ENTRADA', 1, 'Registro inicial', 4, 3, '2025-09-29 16:54:11'),
	(56, 55, 'ENTRADA', 1, 'Registro inicial', 4, 3, '2025-09-29 16:55:14'),
	(57, 56, 'ENTRADA', 1, 'Registro inicial', 4, 3, '2025-09-29 16:55:55'),
	(58, 57, 'ENTRADA', 1, 'Registro inicial', 4, 3, '2025-09-29 16:56:55'),
	(59, 58, 'ENTRADA', 1, 'Registro inicial', 4, 3, '2025-09-29 16:57:31'),
	(60, 59, 'ENTRADA', 1, 'Registro inicial', 4, 3, '2025-09-29 16:58:30'),
	(61, 60, 'ENTRADA', 1, 'Registro inicial', 4, 3, '2025-09-29 16:59:01'),
	(62, 61, 'ENTRADA', 1, 'Registro inicial', 4, 3, '2025-09-29 16:59:42'),
	(63, 62, 'ENTRADA', 1, 'Registro inicial', 4, 3, '2025-09-29 17:00:31'),
	(64, 63, 'ENTRADA', 1, 'Registro inicial', 4, 3, '2025-09-29 17:00:53'),
	(65, 64, 'ENTRADA', 1, 'Registro inicial', 4, 3, '2025-09-29 17:01:12'),
	(66, 65, 'ENTRADA', 1, 'Registro inicial', 4, 3, '2025-09-29 17:02:00'),
	(67, 66, 'ENTRADA', 1, 'Registro inicial', 4, 3, '2025-09-29 17:02:30'),
	(68, 67, 'ENTRADA', 1, 'Registro inicial', 4, 3, '2025-09-29 17:08:09'),
	(69, 68, 'ENTRADA', 1, 'Registro inicial', 4, 3, '2025-09-29 17:09:17'),
	(70, 69, 'ENTRADA', 1, 'Registro inicial', 4, 3, '2025-09-29 17:12:50'),
	(71, 70, 'ENTRADA', 1, 'Registro inicial', 4, 3, '2025-09-29 17:21:06'),
	(72, 71, 'ENTRADA', 1, 'Registro inicial', 4, 3, '2025-09-29 17:25:48');

-- Volcando estructura para tabla inventory_mvc.oficinas
CREATE TABLE IF NOT EXISTS `oficinas` (
  `id` int(11) NOT NULL AUTO_INCREMENT,
  `nombre` varchar(100) NOT NULL,
  `descripcion` text DEFAULT NULL,
  `estado` tinyint(1) NOT NULL DEFAULT 1,
  `created_at` timestamp NOT NULL DEFAULT current_timestamp(),
  PRIMARY KEY (`id`)
) ENGINE=InnoDB AUTO_INCREMENT=9 DEFAULT CHARSET=utf8mb4 COLLATE=utf8mb4_general_ci;

-- Volcando datos para la tabla inventory_mvc.oficinas: ~5 rows (aproximadamente)
INSERT INTO `oficinas` (`id`, `nombre`, `descripcion`, `estado`, `created_at`) VALUES
	(4, 'SOPORTE INFORMÁTICO', '', 1, '2025-09-29 13:05:43'),
	(5, 'LABORATORIO I', '', 1, '2025-09-29 13:05:53'),
	(6, 'LABORATORIO II', '', 1, '2025-09-29 13:05:58'),
	(7, 'CENTRAL DE DATOS', '', 1, '2025-09-29 13:06:07'),
	(8, 'SALA DE VIDEOCONFERENCIA', '', 1, '2025-09-29 13:06:17');

-- Volcando estructura para tabla inventory_mvc.users
CREATE TABLE IF NOT EXISTS `users` (
  `id` int(11) NOT NULL AUTO_INCREMENT,
  `username` varchar(50) NOT NULL,
  `password_hash` varchar(255) NOT NULL,
  `nombre` varchar(100) NOT NULL,
  `estado` tinyint(1) NOT NULL DEFAULT 1,
  `created_at` timestamp NOT NULL DEFAULT current_timestamp(),
  PRIMARY KEY (`id`),
  UNIQUE KEY `username` (`username`)
) ENGINE=InnoDB AUTO_INCREMENT=5 DEFAULT CHARSET=utf8mb4 COLLATE=utf8mb4_general_ci;

-- Volcando datos para la tabla inventory_mvc.users: ~2 rows (aproximadamente)
INSERT INTO `users` (`id`, `username`, `password_hash`, `nombre`, `estado`, `created_at`) VALUES
	(3, 'admin', '$2y$10$cSt/Z1VHfKeMtFmbO9lq7Oo.AANCe6FwKnC7T3afn1Y4h.nKtmli.', 'Administrador', 1, '2025-09-05 14:56:01'),
	(4, 'jefe', '$2y$10$Wq6b1v3kQeT0aVYJ4v5xseKgh3GQ5rj8k4QvH1uBWk9bH3l8M3n1K', 'Jefe de Inventario', 1, '2025-09-05 14:59:49');

/*!40103 SET TIME_ZONE=IFNULL(@OLD_TIME_ZONE, 'system') */;
/*!40101 SET SQL_MODE=IFNULL(@OLD_SQL_MODE, '') */;
/*!40014 SET FOREIGN_KEY_CHECKS=IFNULL(@OLD_FOREIGN_KEY_CHECKS, 1) */;
/*!40101 SET CHARACTER_SET_CLIENT=@OLD_CHARACTER_SET_CLIENT */;
/*!40111 SET SQL_NOTES=IFNULL(@OLD_SQL_NOTES, 1) */;
